{"cameraMode":{"drawMode":0,"name":"Shaded","section":"Shading Mode"},"sceneLighting":true,"audioPlay":false,"sceneViewState":{"showFog":true,"showMaterialUpdate":true,"showSkybox":true,"showFlares":true,"showImageEffects":true,"showParticleSystems":true},"in2DMode":false,"pivot":{"x":-0.027052879333496095,"y":-9.5367431640625e-7,"z":0.029571533203125},"rotation":{"x":0.07335515320301056,"y":-0.8998761773109436,"z":0.16654057800769807,"w":0.3963656425476074},"size":22.0,"orthographic":false}