{"cameraMode":{"drawMode":0,"name":"Shaded","section":"Shading Mode"},"sceneLighting":true,"audioPlay":false,"sceneViewState":{"showFog":false,"showMaterialUpdate":false,"showSkybox":true,"showFlares":false,"showImageEffects":false,"showParticleSystems":false},"in2DMode":false,"pivot":{"x":-0.7451639175415039,"y":-0.11088985204696655,"z":-6.966753959655762},"rotation":{"x":0.02548323944211006,"y":0.3591505289077759,"z":-0.009813946671783924,"w":0.932894229888916},"size":17.804550170898439,"orthographic":false}